{"cameraMode":{"drawMode":0,"name":"Shaded","section":"Shading Mode"},"sceneLighting":true,"audioPlay":false,"sceneViewState":{"showFog":true,"showMaterialUpdate":false,"showSkybox":true,"showFlares":true,"showImageEffects":true,"showParticleSystems":true},"in2DMode":false,"pivot":{"x":2.467639446258545,"y":4.482522487640381,"z":-2.7894632816314699},"rotation":{"x":0.008778256364166737,"y":0.95578932762146,"z":-0.2925213575363159,"w":0.028682278469204904},"size":10.0,"orthographic":true}