{"cameraMode":{"drawMode":0,"name":"Shaded","section":"Shading Mode"},"sceneLighting":false,"audioPlay":false,"sceneViewState":{"showFog":true,"showMaterialUpdate":true,"showSkybox":false,"showFlares":true,"showImageEffects":true,"showParticleSystems":true},"in2DMode":false,"pivot":{"x":0.0,"y":0.5003324151039124,"z":-0.9997722506523132},"rotation":{"x":-0.08899817615747452,"y":0.9101548194885254,"z":-0.26398587226867678,"w":-0.30683425068855288},"size":1.2247446775436402,"orthographic":false}