{"cameraMode":{"drawMode":0,"name":"Shaded","section":"Shading Mode"},"sceneLighting":false,"audioPlay":false,"sceneViewState":{"showFog":true,"showMaterialUpdate":true,"showSkybox":false,"showFlares":true,"showImageEffects":true,"showParticleSystems":true},"in2DMode":false,"pivot":{"x":-0.08079266548156738,"y":4.126176357269287,"z":-0.44625234603881838},"rotation":{"x":-0.33105510473251345,"y":0.13025060296058656,"z":-0.04620186612010002,"w":-0.9335077404975891},"size":5.588685035705566,"orthographic":false}