{"cameraMode":{"drawMode":0,"name":"Shaded","section":"Shading Mode"},"sceneLighting":true,"audioPlay":false,"sceneViewState":{"showFog":true,"showMaterialUpdate":true,"showSkybox":true,"showFlares":true,"showImageEffects":true,"showParticleSystems":true},"in2DMode":false,"pivot":{"x":-1.5910124778747559,"y":5.848794937133789,"z":10.543633460998536},"rotation":{"x":0.02040431648492813,"y":0.9751076698303223,"z":-0.10159000009298325,"w":0.19629931449890138},"size":-4.902580261230469,"orthographic":false}