{"cameraMode":{"drawMode":0,"name":"Shaded","section":"Shading Mode"},"sceneLighting":false,"audioPlay":false,"sceneViewState":{"showFog":true,"showMaterialUpdate":true,"showSkybox":false,"showFlares":true,"showImageEffects":true,"showParticleSystems":true},"in2DMode":false,"pivot":{"x":0.11302804946899414,"y":2.8206400871276857,"z":-0.01086890697479248},"rotation":{"x":-0.33105510473251345,"y":0.13025060296058656,"z":-0.04620186612010002,"w":-0.9335077404975891},"size":4.110926628112793,"orthographic":false}