{"cameraMode":{"drawMode":0,"name":"Shaded","section":"Shading Mode"},"sceneLighting":false,"audioPlay":false,"sceneViewState":{"showFog":true,"showMaterialUpdate":true,"showSkybox":false,"showFlares":true,"showImageEffects":true,"showParticleSystems":true},"in2DMode":false,"pivot":{"x":-0.5737927556037903,"y":0.6553170084953308,"z":0.517659604549408},"rotation":{"x":-0.1509617567062378,"y":0.24148564040660859,"z":-0.03800395131111145,"w":-0.9578900933265686},"size":1.6131019592285157,"orthographic":false}