{"cameraMode":{"drawMode":0,"name":"Shaded","section":"Shading Mode"},"sceneLighting":false,"audioPlay":false,"sceneViewState":{"showFog":true,"showMaterialUpdate":true,"showSkybox":false,"showFlares":true,"showImageEffects":true,"showParticleSystems":true},"in2DMode":false,"pivot":{"x":0.11423540115356446,"y":4.470399856567383,"z":-0.10434579849243164},"rotation":{"x":-0.33105510473251345,"y":0.13025060296058656,"z":-0.04620186612010002,"w":-0.9335077404975891},"size":5.437351226806641,"orthographic":false}