{"cameraMode":{"drawMode":0,"name":"Shaded","section":"Shading Mode"},"sceneLighting":false,"audioPlay":false,"sceneViewState":{"showFog":true,"showMaterialUpdate":true,"showSkybox":false,"showFlares":true,"showImageEffects":true,"showParticleSystems":true},"in2DMode":false,"pivot":{"x":-1.9312623739242554,"y":-1.6687251329421998,"z":-1.640342116355896},"rotation":{"x":-0.10750503838062287,"y":0.8739649057388306,"z":-0.22498773038387299,"w":-0.41725704073905947},"size":3.568509340286255,"orthographic":false}