{"cameraMode":{"drawMode":0,"name":"Shaded","section":"Shading Mode"},"sceneLighting":false,"audioPlay":false,"sceneViewState":{"showFog":true,"showMaterialUpdate":true,"showSkybox":false,"showFlares":true,"showImageEffects":true,"showParticleSystems":true},"in2DMode":false,"pivot":{"x":-0.07769715785980225,"y":0.940526008605957,"z":-0.1709321141242981},"rotation":{"x":-0.33105510473251345,"y":0.13025060296058656,"z":-0.04620186612010002,"w":-0.9335077404975891},"size":1.4784507751464844,"orthographic":false}