{"cameraMode":{"drawMode":0,"name":"Shaded","section":"Shading Mode"},"sceneLighting":true,"audioPlay":false,"sceneViewState":{"showFog":true,"showMaterialUpdate":true,"showSkybox":true,"showFlares":true,"showImageEffects":true,"showParticleSystems":true},"in2DMode":false,"pivot":{"x":-12.912971496582032,"y":3.354011058807373,"z":2.141735076904297},"rotation":{"x":0.05869584530591965,"y":0.9240567088127136,"z":-0.1581559181213379,"w":0.34313610196113589},"size":12.77443790435791,"orthographic":false}