{"cameraMode":{"drawMode":0,"name":"Shaded","section":"Shading Mode"},"sceneLighting":false,"audioPlay":false,"sceneViewState":{"showFog":true,"showMaterialUpdate":true,"showSkybox":false,"showFlares":true,"showImageEffects":true,"showParticleSystems":true},"in2DMode":false,"pivot":{"x":0.04418918490409851,"y":0.9967048168182373,"z":-5.960464477539063e-8},"rotation":{"x":-0.33105510473251345,"y":0.13025060296058656,"z":-0.04620186612010002,"w":-0.9335077404975891},"size":1.2148504257202149,"orthographic":false}