{"cameraMode":{"drawMode":0,"name":"Shaded","section":"Shading Mode"},"sceneLighting":false,"audioPlay":false,"sceneViewState":{"showFog":true,"showMaterialUpdate":true,"showSkybox":false,"showFlares":true,"showImageEffects":true,"showParticleSystems":true},"in2DMode":false,"pivot":{"x":0.006549470126628876,"y":0.1905563920736313,"z":-0.014693103730678559},"rotation":{"x":0.19399873912334443,"y":-0.676467776298523,"z":0.19181595742702485,"w":0.6841785907745361},"size":0.32890430092811587,"orthographic":false}