{"cameraMode":{"drawMode":0,"name":"Shaded","section":"Shading Mode"},"sceneLighting":false,"audioPlay":false,"sceneViewState":{"showFog":true,"showMaterialUpdate":false,"showSkybox":false,"showFlares":true,"showImageEffects":true,"showParticleSystems":true},"in2DMode":false,"pivot":{"x":0.6712427735328674,"y":0.2846885919570923,"z":-0.032040953636169437},"rotation":{"x":-0.0896901786327362,"y":-0.8144022226333618,"z":0.13085174560546876,"w":-0.5582312345504761},"size":2.1075422763824465,"orthographic":false}