{"cameraMode":{"drawMode":0,"name":"Shaded","section":"Shading Mode"},"sceneLighting":true,"audioPlay":false,"sceneViewState":{"showFog":true,"showMaterialUpdate":false,"showSkybox":true,"showFlares":true,"showImageEffects":true,"showParticleSystems":true},"in2DMode":false,"pivot":{"x":5.844372749328613,"y":5.828488826751709,"z":8.132718086242676},"rotation":{"x":-0.014242339879274369,"y":0.7251656651496887,"z":0.015006531029939652,"w":0.6882707476615906},"size":0.5660595297813416,"orthographic":false}