{"cameraMode":{"drawMode":0,"name":"Shaded","section":"Shading Mode"},"sceneLighting":true,"audioPlay":false,"sceneViewState":{"showFog":true,"showMaterialUpdate":false,"showSkybox":true,"showFlares":true,"showImageEffects":true,"showParticleSystems":true},"in2DMode":false,"pivot":{"x":4.707351207733154,"y":-0.17433805763721467,"z":-4.966166019439697},"rotation":{"x":0.002961964113637805,"y":0.9766026139259338,"z":-0.21460627019405366,"w":0.013478778302669526},"size":10.0,"orthographic":false}