{"cameraMode":{"drawMode":0,"name":"Shaded","section":"Shading Mode"},"sceneLighting":false,"audioPlay":false,"sceneViewState":{"showFog":true,"showMaterialUpdate":false,"showSkybox":false,"showFlares":true,"showImageEffects":true,"showParticleSystems":true},"in2DMode":false,"pivot":{"x":0.6178174018859863,"y":9.44807243347168,"z":-0.6671867370605469},"rotation":{"x":0.11167405545711518,"y":-0.6419153809547424,"z":0.09525065869092941,"w":0.7526029944419861},"size":4.039331436157227,"orthographic":false}