{"cameraMode":{"drawMode":0,"name":"Shaded","section":"Shading Mode"},"sceneLighting":true,"audioPlay":false,"sceneViewState":{"showFog":true,"showMaterialUpdate":false,"showSkybox":true,"showFlares":true,"showImageEffects":true,"showParticleSystems":true},"in2DMode":false,"pivot":{"x":-5.583121299743652,"y":1.3792834281921387,"z":7.198958873748779},"rotation":{"x":0.12876969575881959,"y":-0.6904268860816956,"z":0.12692859768867494,"w":0.7004507780075073},"size":6.62705135345459,"orthographic":false}