{"cameraMode":{"drawMode":0,"name":"Shaded","section":"Shading Mode"},"sceneLighting":true,"audioPlay":false,"sceneViewState":{"showFog":true,"showMaterialUpdate":false,"showSkybox":true,"showFlares":true,"showImageEffects":true,"showParticleSystems":true},"in2DMode":false,"pivot":{"x":19.03432273864746,"y":-19.276941299438478,"z":-14.73977279663086},"rotation":{"x":0.19069769978523255,"y":-0.6965749263763428,"z":0.20068036019802094,"w":0.661925733089447},"size":10.0,"orthographic":false}