{"cameraMode":{"drawMode":0,"name":"Shaded","section":"Shading Mode"},"sceneLighting":false,"audioPlay":false,"sceneViewState":{"showFog":true,"showMaterialUpdate":false,"showSkybox":false,"showFlares":true,"showImageEffects":true,"showParticleSystems":true},"in2DMode":false,"pivot":{"x":0.06586851924657822,"y":0.025087714195251466,"z":0.059324756264686587},"rotation":{"x":0.17299506068229676,"y":0.8111957907676697,"z":-0.47346532344818118,"w":0.29645290970802309},"size":1.2212671041488648,"orthographic":false}