{"cameraMode":{"drawMode":0,"name":"Shaded","section":"Shading Mode"},"sceneLighting":true,"audioPlay":false,"sceneViewState":{"showFog":true,"showMaterialUpdate":false,"showSkybox":true,"showFlares":true,"showImageEffects":true,"showParticleSystems":true},"in2DMode":false,"pivot":{"x":4.585249423980713,"y":4.104833602905273,"z":2.370015859603882},"rotation":{"x":-0.026079086586833,"y":-0.9712736010551453,"z":0.19973121583461762,"w":-0.1268785148859024},"size":1.2904739379882813,"orthographic":false}