{"cameraMode":{"drawMode":0,"name":"Shaded","section":"Shading Mode"},"sceneLighting":false,"audioPlay":false,"sceneViewState":{"showFog":true,"showMaterialUpdate":false,"showSkybox":false,"showFlares":true,"showImageEffects":true,"showParticleSystems":true},"in2DMode":false,"pivot":{"x":6.726041793823242,"y":2.956881046295166,"z":-3.8756492137908937},"rotation":{"x":0.17581714689731599,"y":0.8237032294273377,"z":-0.3966946303844452,"w":0.36512091755867007},"size":2.970677137374878,"orthographic":false}