{"cameraMode":{"drawMode":0,"name":"Shaded","section":"Shading Mode"},"sceneLighting":false,"audioPlay":false,"sceneViewState":{"showFog":true,"showMaterialUpdate":false,"showSkybox":false,"showFlares":true,"showImageEffects":true,"showParticleSystems":true},"in2DMode":false,"pivot":{"x":-17.211883544921876,"y":12.578784942626954,"z":-18.498748779296876},"rotation":{"x":-0.0036213546991348268,"y":-0.8503772616386414,"z":-0.005862025544047356,"w":0.5261859893798828},"size":20.60089111328125,"orthographic":false}