{"cameraMode":{"drawMode":0,"name":"Shaded","section":"Shading Mode"},"sceneLighting":true,"audioPlay":false,"sceneViewState":{"showFog":true,"showMaterialUpdate":false,"showSkybox":true,"showFlares":true,"showImageEffects":true,"showParticleSystems":true},"in2DMode":false,"pivot":{"x":-3.729044198989868,"y":-0.04098048433661461,"z":-9.231100082397461},"rotation":{"x":-0.1249956339597702,"y":-0.625440776348114,"z":0.10242602974176407,"w":-0.763381838798523},"size":1.2904739379882813,"orthographic":false}