{"cameraMode":{"drawMode":0,"name":"Shaded","section":"Shading Mode"},"sceneLighting":true,"audioPlay":false,"sceneViewState":{"showFog":true,"showMaterialUpdate":false,"showSkybox":true,"showFlares":true,"showImageEffects":true,"showParticleSystems":true},"in2DMode":false,"pivot":{"x":-12.09040641784668,"y":1.9089579582214356,"z":-10.609601020812989},"rotation":{"x":-0.3000953793525696,"y":-0.011771847493946553,"z":0.0037174748722463848,"w":-0.9538503885269165},"size":2.865863084793091,"orthographic":false}