{"cameraMode":{"drawMode":0,"name":"Shaded","section":"Shading Mode"},"sceneLighting":false,"audioPlay":false,"sceneViewState":{"showFog":true,"showMaterialUpdate":false,"showSkybox":false,"showFlares":true,"showImageEffects":true,"showParticleSystems":true},"in2DMode":false,"pivot":{"x":-6.381564140319824,"y":2.0079522132873537,"z":-1.3895033597946168},"rotation":{"x":0.03601469844579697,"y":0.7559517025947571,"z":0.04178394749760628,"w":-0.6523380875587463},"size":4.487738609313965,"orthographic":false}